{"Mean":{"confidence_interval":{"confidence_level":0.95,"lower_bound":29700.517326371057,"upper_bound":33390.986843771825},"point_estimate":31421.114016844058,"standard_error":944.2143738891351},"Median":{"confidence_interval":{"confidence_level":0.95,"lower_bound":26813.725490196077,"upper_bound":29261.853832442066},"point_estimate":27691.368465011874,"standard_error":595.0589752445441},"MedianAbsDev":{"confidence_interval":{"confidence_level":0.95,"lower_bound":2601.110356713623,"upper_bound":5478.72085404201},"point_estimate":3813.695699441868,"standard_error":742.6642647107625},"Slope":{"confidence_interval":{"confidence_level":0.95,"lower_bound":28700.31206448725,"upper_bound":33180.27656398805},"point_estimate":30670.767826036335,"standard_error":1145.1100312675858},"StdDev":{"confidence_interval":{"confidence_level":0.95,"lower_bound":6328.287848648181,"upper_bound":12369.966119689972},"point_estimate":9485.323401525236,"standard_error":1552.1701992376572}}