{"Mean":{"confidence_interval":{"confidence_level":0.95,"lower_bound":37817.28638448651,"upper_bound":41012.62134043939},"point_estimate":39409.45676703896,"standard_error":815.2088655981956},"Median":{"confidence_interval":{"confidence_level":0.95,"lower_bound":36878.4565616763,"upper_bound":42911.02863202545},"point_estimate":39785.29183264119,"standard_error":1690.904384716962},"MedianAbsDev":{"confidence_interval":{"confidence_level":0.95,"lower_bound":7101.19649693629,"upper_bound":11792.593221896966},"point_estimate":9204.14960030246,"standard_error":1250.8492833807206},"Slope":{"confidence_interval":{"confidence_level":0.95,"lower_bound":35386.12559809713,"upper_bound":40039.679685297466},"point_estimate":37594.699057446305,"standard_error":1190.7381250210235},"StdDev":{"confidence_interval":{"confidence_level":0.95,"lower_bound":7351.761010334444,"upper_bound":8974.935048791514},"point_estimate":8218.42505855031,"standard_error":413.95537735002335}}