{"Mean":{"confidence_interval":{"confidence_level":0.95,"lower_bound":0.029110586125440763,"upper_bound":0.2042960775219329},"point_estimate":0.11308569397297763,"standard_error":0.04504088777693031},"Median":{"confidence_interval":{"confidence_level":0.95,"lower_bound":0.08392020311350579,"upper_bound":0.19179006273813326},"point_estimate":0.12437004468761192,"standard_error":0.027679870982555248}}