{"Mean":{"confidence_interval":{"confidence_level":0.95,"lower_bound":-0.21125757848961385,"upper_bound":-0.0637146590404726},"point_estimate":-0.13868599970070183,"standard_error":0.03770248788248074},"Median":{"confidence_interval":{"confidence_level":0.95,"lower_bound":-0.27761296338389796,"upper_bound":-0.18813618872053198},"point_estimate":-0.23085575756163612,"standard_error":0.02311188295319849}}