{"Mean":{"confidence_interval":{"confidence_level":0.95,"lower_bound":0.022847193736232542,"upper_bound":0.15858873310993632},"point_estimate":0.08776009337883695,"standard_error":0.03464641643662195},"Median":{"confidence_interval":{"confidence_level":0.95,"lower_bound":0.10696436959105338,"upper_bound":0.2563102908472057},"point_estimate":0.18118034713388176,"standard_error":0.04012076797905143}}