{"Mean":{"confidence_interval":{"confidence_level":0.95,"lower_bound":1669.4914041270772,"upper_bound":1826.2068382212794},"point_estimate":1746.0111977620732,"standard_error":40.1483794335342},"Median":{"confidence_interval":{"confidence_level":0.95,"lower_bound":1474.251810652136,"upper_bound":1588.4726625624164},"point_estimate":1500.9631689615412,"standard_error":31.971020666707027},"MedianAbsDev":{"confidence_interval":{"confidence_level":0.95,"lower_bound":48.43140556006389,"upper_bound":216.63461559756342},"point_estimate":88.83062679951622,"standard_error":47.24732388851375},"Slope":{"confidence_interval":{"confidence_level":0.95,"lower_bound":1549.887578728031,"upper_bound":1682.8559518195984},"point_estimate":1610.7683456030425,"standard_error":34.17681461642603},"StdDev":{"confidence_interval":{"confidence_level":0.95,"lower_bound":342.7378102547799,"upper_bound":451.01672123377284},"point_estimate":403.98839603297534,"standard_error":27.77413475787416}}