{"Mean":{"confidence_interval":{"confidence_level":0.95,"lower_bound":24907.60669004802,"upper_bound":26521.193280596555},"point_estimate":25652.16787570031,"standard_error":413.6436236281249},"Median":{"confidence_interval":{"confidence_level":0.95,"lower_bound":24055.194805194806,"upper_bound":24559.38775510204},"point_estimate":24305.29209621993,"standard_error":117.74221149633979},"MedianAbsDev":{"confidence_interval":{"confidence_level":0.95,"lower_bound":516.5730942395523,"upper_bound":1006.451744798074},"point_estimate":756.4928609252369,"standard_error":115.62796142495363},"Slope":{"confidence_interval":{"confidence_level":0.95,"lower_bound":24535.621166713576,"upper_bound":26140.13007938955},"point_estimate":25233.180316240578,"standard_error":414.02897553606795},"StdDev":{"confidence_interval":{"confidence_level":0.95,"lower_bound":2601.703785533052,"upper_bound":5384.668564364126},"point_estimate":4158.173525454226,"standard_error":708.8541158806397}}