{"Mean":{"confidence_interval":{"confidence_level":0.95,"lower_bound":34001.260502973884,"upper_bound":41701.60975041336},"point_estimate":37632.42986369555,"standard_error":1972.7399043075036},"Median":{"confidence_interval":{"confidence_level":0.95,"lower_bound":27049.043478260868,"upper_bound":34099.600199900044},"point_estimate":29838.472686733556,"standard_error":1620.3329015499537},"MedianAbsDev":{"confidence_interval":{"confidence_level":0.95,"lower_bound":5407.053134019557,"upper_bound":13145.517552750944},"point_estimate":8686.325531244287,"standard_error":1841.076720153084},"Slope":{"confidence_interval":{"confidence_level":0.95,"lower_bound":27522.454371100142,"upper_bound":30444.719054501802},"point_estimate":28842.036956842992,"standard_error":745.643071982014},"StdDev":{"confidence_interval":{"confidence_level":0.95,"lower_bound":14100.441577540747,"upper_bound":24738.25487261798},"point_estimate":19855.591139713764,"standard_error":2720.332132803417}}