{"Mean":{"confidence_interval":{"confidence_level":0.95,"lower_bound":31749.982459484407,"upper_bound":36147.59724522822},"point_estimate":33856.38175484837,"standard_error":1125.299351508066},"Median":{"confidence_interval":{"confidence_level":0.95,"lower_bound":27085.8064516129,"upper_bound":31765.59139784946},"point_estimate":27992.34565892419,"standard_error":1342.1804796778717},"MedianAbsDev":{"confidence_interval":{"confidence_level":0.95,"lower_bound":2693.454143064028,"upper_bound":8757.550816086003},"point_estimate":4434.551184063896,"standard_error":1631.735797861671},"Slope":{"confidence_interval":{"confidence_level":0.95,"lower_bound":30275.335208890552,"upper_bound":37388.7493731421},"point_estimate":33444.320597586964,"standard_error":1834.057015282576},"StdDev":{"confidence_interval":{"confidence_level":0.95,"lower_bound":8712.62090822223,"upper_bound":13796.277538322405},"point_estimate":11294.867844931552,"standard_error":1311.4695336875404}}