{"Mean":{"confidence_interval":{"confidence_level":0.95,"lower_bound":24452.48538586174,"upper_bound":25704.706507439543},"point_estimate":25047.489861773774,"standard_error":320.5193297855077},"Median":{"confidence_interval":{"confidence_level":0.95,"lower_bound":23379.22494172494,"upper_bound":23755.269904715762},"point_estimate":23538.55584307712,"standard_error":104.99790262005904},"MedianAbsDev":{"confidence_interval":{"confidence_level":0.95,"lower_bound":400.6357946416766,"upper_bound":1106.5238854674415},"point_estimate":682.6068556397724,"standard_error":194.41166714553538},"Slope":{"confidence_interval":{"confidence_level":0.95,"lower_bound":24030.72946125065,"upper_bound":25592.193742566324},"point_estimate":24717.658300904717,"standard_error":403.21371558889996},"StdDev":{"confidence_interval":{"confidence_level":0.95,"lower_bound":2422.1095156206206,"upper_bound":3876.0632513802575},"point_estimate":3226.34255185474,"standard_error":371.20043314967324}}