{"Mean":{"confidence_interval":{"confidence_level":0.95,"lower_bound":27776.304825079842,"upper_bound":29475.384869380923},"point_estimate":28589.79113681314,"standard_error":436.7956242014211},"Median":{"confidence_interval":{"confidence_level":0.95,"lower_bound":26227.460317460318,"upper_bound":28034.614982578398},"point_estimate":27186.096906847844,"standard_error":477.74270887510863},"MedianAbsDev":{"confidence_interval":{"confidence_level":0.95,"lower_bound":1840.7860946879357,"upper_bound":3777.47893897499},"point_estimate":2805.6439501898626,"standard_error":463.84666431556946},"Slope":{"confidence_interval":{"confidence_level":0.95,"lower_bound":27097.858291519187,"upper_bound":29431.25563600139},"point_estimate":28151.56692351538,"standard_error":598.3125274352674},"StdDev":{"confidence_interval":{"confidence_level":0.95,"lower_bound":3429.4828986281464,"upper_bound":5227.246912437934},"point_estimate":4398.4249379752255,"standard_error":460.3337692871437}}