{"Mean":{"confidence_interval":{"confidence_level":0.95,"lower_bound":-0.0291154119227897,"upper_bound":0.09134522845611931},"point_estimate":0.02805086572057358,"standard_error":0.030601921462288722},"Median":{"confidence_interval":{"confidence_level":0.95,"lower_bound":-0.05072549536666182,"upper_bound":0.1349561607746288},"point_estimate":0.027236423214910266,"standard_error":0.047916687497882825}}