{"Mean":{"confidence_interval":{"confidence_level":0.95,"lower_bound":-0.9826118900810211,"upper_bound":-0.979765598036693},"point_estimate":-0.9812898980044268,"standard_error":0.0007242002460512022},"Median":{"confidence_interval":{"confidence_level":0.95,"lower_bound":-0.9836310547007436,"upper_bound":-0.9809525454474117},"point_estimate":-0.9821746343774521,"standard_error":0.0006743156853377231}}