{"Mean":{"confidence_interval":{"confidence_level":0.95,"lower_bound":26785.949212234707,"upper_bound":29801.991800780605},"point_estimate":28228.836456150577,"standard_error":768.1422174543719},"Median":{"confidence_interval":{"confidence_level":0.95,"lower_bound":23994.634433962263,"upper_bound":25269.878472222223},"point_estimate":24628.34063914027,"standard_error":278.85158674945234},"MedianAbsDev":{"confidence_interval":{"confidence_level":0.95,"lower_bound":1210.3607996590308,"upper_bound":2864.760205093506},"point_estimate":1952.0506548880867,"standard_error":390.3486989956042},"Slope":{"confidence_interval":{"confidence_level":0.95,"lower_bound":28323.18345492968,"upper_bound":33759.59203122297},"point_estimate":30971.57360166987,"standard_error":1387.263044739767},"StdDev":{"confidence_interval":{"confidence_level":0.95,"lower_bound":6016.932864410707,"upper_bound":9108.332325454414},"point_estimate":7704.851152170307,"standard_error":789.071024980514}}