{"Mean":{"confidence_interval":{"confidence_level":0.95,"lower_bound":0.32592313238221193,"upper_bound":0.6300993423591875},"point_estimate":0.46702727216064477,"standard_error":0.07729917564858621},"Median":{"confidence_interval":{"confidence_level":0.95,"lower_bound":0.11359140193211137,"upper_bound":0.39937699380591263},"point_estimate":0.22765332622248846,"standard_error":0.06901652715455982}}