{"Mean":{"confidence_interval":{"confidence_level":0.95,"lower_bound":-0.9926474960515955,"upper_bound":-0.99044658070521},"point_estimate":-0.9916016679467414,"standard_error":0.000562517239319436},"Median":{"confidence_interval":{"confidence_level":0.95,"lower_bound":-0.9920449232242763,"upper_bound":-0.9890085662149013},"point_estimate":-0.9906860573652154,"standard_error":0.000756693390360528}}