{"Mean":{"confidence_interval":{"confidence_level":0.95,"lower_bound":29092.654032695984,"upper_bound":31421.983583441444},"point_estimate":30217.763940886955,"standard_error":595.8988707421636},"Median":{"confidence_interval":{"confidence_level":0.95,"lower_bound":26111.929307805596,"upper_bound":29517.06349206349},"point_estimate":27853.174603174604,"standard_error":1000.3054059570654},"MedianAbsDev":{"confidence_interval":{"confidence_level":0.95,"lower_bound":1723.2308035746719,"upper_bound":6078.139847448587},"point_estimate":4048.9430887229514,"standard_error":1255.012584703481},"Slope":{"confidence_interval":{"confidence_level":0.95,"lower_bound":27685.223534567234,"upper_bound":30097.133581877646},"point_estimate":28786.651269817812,"standard_error":615.2699020247345},"StdDev":{"confidence_interval":{"confidence_level":0.95,"lower_bound":4840.912094569856,"upper_bound":7117.998351510713},"point_estimate":5998.9822825682095,"standard_error":585.7033071514008}}