{"Mean":{"confidence_interval":{"confidence_level":0.95,"lower_bound":889.7296371884885,"upper_bound":945.6336817121178},"point_estimate":913.9048010846507,"standard_error":14.433320520293202},"Median":{"confidence_interval":{"confidence_level":0.95,"lower_bound":863.6590976550906,"upper_bound":881.6562778272485},"point_estimate":869.2046093640156,"standard_error":5.140570557971448},"MedianAbsDev":{"confidence_interval":{"confidence_level":0.95,"lower_bound":21.62412064152622,"upper_bound":43.917888713774964},"point_estimate":27.394176461291988,"standard_error":6.006269215333467},"Slope":{"confidence_interval":{"confidence_level":0.95,"lower_bound":905.9160864230716,"upper_bound":1032.2841848386747},"point_estimate":956.428107910936,"standard_error":33.99061838107316},"StdDev":{"confidence_interval":{"confidence_level":0.95,"lower_bound":65.384808561783,"upper_bound":222.38608236199366},"point_estimate":145.8676204434178,"standard_error":45.03254429668951}}