{"Mean":{"confidence_interval":{"confidence_level":0.95,"lower_bound":3132.2387812679854,"upper_bound":3485.3650056849096},"point_estimate":3303.296934074481,"standard_error":89.82074264619827},"Median":{"confidence_interval":{"confidence_level":0.95,"lower_bound":2902.45304247798,"upper_bound":3484.5444082102435},"point_estimate":3104.9713194711703,"standard_error":160.69399247458912},"MedianAbsDev":{"confidence_interval":{"confidence_level":0.95,"lower_bound":760.0930431882687,"upper_bound":1129.0995345121542},"point_estimate":975.9075679609603,"standard_error":90.09937869961473},"Slope":{"confidence_interval":{"confidence_level":0.95,"lower_bound":3143.148671249685,"upper_bound":3649.9933641008847},"point_estimate":3400.157177618979,"standard_error":129.37367616768293},"StdDev":{"confidence_interval":{"confidence_level":0.95,"lower_bound":724.5295596235521,"upper_bound":1097.006168626053},"point_estimate":901.4737196467164,"standard_error":97.383962401789}}