{"Mean":{"confidence_interval":{"confidence_level":0.95,"lower_bound":2198.5129353675798,"upper_bound":2275.6398428359666},"point_estimate":2234.750081243348,"standard_error":19.797103097252567},"Median":{"confidence_interval":{"confidence_level":0.95,"lower_bound":2153.166528583264,"upper_bound":2172.3257918552035},"point_estimate":2160.824280350438,"standard_error":4.348941515598842},"MedianAbsDev":{"confidence_interval":{"confidence_level":0.95,"lower_bound":25.51722748815525,"upper_bound":58.38770912383887},"point_estimate":42.46072723902416,"standard_error":8.211124554498271},"Slope":{"confidence_interval":{"confidence_level":0.95,"lower_bound":2182.4149691619346,"upper_bound":2262.741620702825},"point_estimate":2219.290034857744,"standard_error":20.62008777093269},"StdDev":{"confidence_interval":{"confidence_level":0.95,"lower_bound":134.38149474013764,"upper_bound":251.52302039359654},"point_estimate":199.2480015939853,"standard_error":29.915522934665585}}