{"Mean":{"confidence_interval":{"confidence_level":0.95,"lower_bound":0.40333828101419306,"upper_bound":0.5643030745692487},"point_estimate":0.4781504928893998,"standard_error":0.04097116306013227},"Median":{"confidence_interval":{"confidence_level":0.95,"lower_bound":0.34514967555454606,"upper_bound":0.6094774675626402},"point_estimate":0.43693837009625436,"standard_error":0.07097583520635142}}