{"Mean":{"confidence_interval":{"confidence_level":0.95,"lower_bound":-0.5936940303465935,"upper_bound":-0.5317154138134653},"point_estimate":-0.5646277985659263,"standard_error":0.015801456074340386},"Median":{"confidence_interval":{"confidence_level":0.95,"lower_bound":-0.6299950515775428,"upper_bound":-0.5390358146548008},"point_estimate":-0.5775355991112359,"standard_error":0.024030476642341356}}