{"Mean":{"confidence_interval":{"confidence_level":0.95,"lower_bound":-0.07172424936105848,"upper_bound":-0.01032008245941482},"point_estimate":-0.041326313728554,"standard_error":0.015620842798737057},"Median":{"confidence_interval":{"confidence_level":0.95,"lower_bound":-0.04292943251564707,"upper_bound":-0.015134495169187774},"point_estimate":-0.026653609421853797,"standard_error":0.007360481493046567}}