{"Mean":{"confidence_interval":{"confidence_level":0.95,"lower_bound":0.09594593257237687,"upper_bound":0.18800505494677844},"point_estimate":0.14142340388549068,"standard_error":0.02339796800965144},"Median":{"confidence_interval":{"confidence_level":0.95,"lower_bound":0.11315404803721174,"upper_bound":0.1904810607068248},"point_estimate":0.15496027403242318,"standard_error":0.020115281313137837}}