{"Mean":{"confidence_interval":{"confidence_level":0.95,"lower_bound":-0.9840925468770754,"upper_bound":-0.9805917119538278},"point_estimate":-0.9825245328479394,"standard_error":0.0008803610499478319},"Median":{"confidence_interval":{"confidence_level":0.95,"lower_bound":-0.9853062155263161,"upper_bound":-0.9823556444605036},"point_estimate":-0.9840613507054276,"standard_error":0.000774172707150599}}