{"Mean":{"confidence_interval":{"confidence_level":0.95,"lower_bound":29824.95525145366,"upper_bound":32432.1442832137},"point_estimate":31065.398379568764,"standard_error":665.7148363598861},"Median":{"confidence_interval":{"confidence_level":0.95,"lower_bound":27610.95238095238,"upper_bound":30533.343573988735},"point_estimate":28611.795454545456,"standard_error":847.310731180333},"MedianAbsDev":{"confidence_interval":{"confidence_level":0.95,"lower_bound":2742.078189228497,"upper_bound":5763.438997835592},"point_estimate":4127.990607715852,"standard_error":761.9042055037028},"Slope":{"confidence_interval":{"confidence_level":0.95,"lower_bound":29257.75841540658,"upper_bound":33548.67055342724},"point_estimate":31138.80744790897,"standard_error":1113.9024862001386},"StdDev":{"confidence_interval":{"confidence_level":0.95,"lower_bound":4706.501133543176,"upper_bound":8531.043892615487},"point_estimate":6705.530048686927,"standard_error":984.4761245752127}}