{"Mean":{"confidence_interval":{"confidence_level":0.95,"lower_bound":546.8795522649563,"upper_bound":620.113921380235},"point_estimate":581.2367722148476,"standard_error":18.585347716286357},"Median":{"confidence_interval":{"confidence_level":0.95,"lower_bound":487.79370523893056,"upper_bound":536.1913994338671},"point_estimate":510.0157150948257,"standard_error":12.320438692411317},"MedianAbsDev":{"confidence_interval":{"confidence_level":0.95,"lower_bound":59.88151583936019,"upper_bound":130.73253134454984},"point_estimate":92.03115359735034,"standard_error":18.830554288675724},"Slope":{"confidence_interval":{"confidence_level":0.95,"lower_bound":574.1192288769965,"upper_bound":672.39695107893},"point_estimate":620.3396320446495,"standard_error":25.131314717542768},"StdDev":{"confidence_interval":{"confidence_level":0.95,"lower_bound":132.59523397613793,"upper_bound":245.73169470275647},"point_estimate":187.05025665194032,"standard_error":30.28946120639733}}