{"Mean":{"confidence_interval":{"confidence_level":0.95,"lower_bound":1766.217194838484,"upper_bound":1836.0597585644898},"point_estimate":1799.3426121200337,"standard_error":17.92190421716056},"Median":{"confidence_interval":{"confidence_level":0.95,"lower_bound":1721.5026455026455,"upper_bound":1737.3127413127413},"point_estimate":1731.713564213564,"standard_error":4.346465272894244},"MedianAbsDev":{"confidence_interval":{"confidence_level":0.95,"lower_bound":30.291271075125756,"upper_bound":55.746665769365286},"point_estimate":44.25728507286163,"standard_error":6.691009456586778},"Slope":{"confidence_interval":{"confidence_level":0.95,"lower_bound":1753.073718094962,"upper_bound":1821.9842009658603},"point_estimate":1784.133036092522,"standard_error":17.710218771371363},"StdDev":{"confidence_interval":{"confidence_level":0.95,"lower_bound":127.83416901593738,"upper_bound":223.2210601315368},"point_estimate":180.12064126385906,"standard_error":24.355403016969714}}