{"Mean":{"confidence_interval":{"confidence_level":0.95,"lower_bound":1371.5883368189134,"upper_bound":1508.3452923629075},"point_estimate":1438.1636581784333,"standard_error":34.97096504242198},"Median":{"confidence_interval":{"confidence_level":0.95,"lower_bound":1238.4328261031328,"upper_bound":1393.002876446585},"point_estimate":1311.7398482571837,"standard_error":38.5456060980644},"MedianAbsDev":{"confidence_interval":{"confidence_level":0.95,"lower_bound":175.22849162637664,"upper_bound":378.5647147303278},"point_estimate":261.2129599377343,"standard_error":52.87657684078422},"Slope":{"confidence_interval":{"confidence_level":0.95,"lower_bound":1356.834736050429,"upper_bound":1493.3867018327355},"point_estimate":1422.708055943481,"standard_error":34.784637150099634},"StdDev":{"confidence_interval":{"confidence_level":0.95,"lower_bound":291.23611006757596,"upper_bound":405.36885703930716},"point_estimate":352.1102427293004,"standard_error":29.142321950729006}}