{"Mean":{"confidence_interval":{"confidence_level":0.95,"lower_bound":457.5711637665337,"upper_bound":550.7281320574878},"point_estimate":499.61995589565134,"standard_error":23.926425703104286},"Median":{"confidence_interval":{"confidence_level":0.95,"lower_bound":402.89240694450535,"upper_bound":474.50086758681266},"point_estimate":433.3096642865095,"standard_error":19.400856915167402},"MedianAbsDev":{"confidence_interval":{"confidence_level":0.95,"lower_bound":82.18586409163294,"upper_bound":148.649674671971},"point_estimate":114.24259164740499,"standard_error":16.998133922336752},"Slope":{"confidence_interval":{"confidence_level":0.95,"lower_bound":437.57735489356133,"upper_bound":496.72159372533446},"point_estimate":465.93681347528667,"standard_error":15.110404109537859},"StdDev":{"confidence_interval":{"confidence_level":0.95,"lower_bound":134.87812836922353,"upper_bound":344.6747927934787},"point_estimate":240.41748553553163,"standard_error":56.792329746380524}}