{"Mean":{"confidence_interval":{"confidence_level":0.95,"lower_bound":1830.5035351355623,"upper_bound":1927.8643985231192},"point_estimate":1876.9083139417205,"standard_error":24.956753878963433},"Median":{"confidence_interval":{"confidence_level":0.95,"lower_bound":1759.7578294186242,"upper_bound":1805.7556030727806},"point_estimate":1779.1339044109102,"standard_error":12.784544103043455},"MedianAbsDev":{"confidence_interval":{"confidence_level":0.95,"lower_bound":55.9382296881869,"upper_bound":112.33752049621695},"point_estimate":79.36842879939488,"standard_error":14.127475309979982},"Slope":{"confidence_interval":{"confidence_level":0.95,"lower_bound":1798.8862016866221,"upper_bound":1870.927494691962},"point_estimate":1831.8302846507881,"standard_error":18.383067303171284},"StdDev":{"confidence_interval":{"confidence_level":0.95,"lower_bound":185.13136185607897,"upper_bound":306.5050115562451},"point_estimate":251.98155730858724,"standard_error":31.042346192599595}}