{"Mean":{"confidence_interval":{"confidence_level":0.95,"lower_bound":291.769172070886,"upper_bound":343.5080403887541},"point_estimate":316.04964196627907,"standard_error":13.207702720144512},"Median":{"confidence_interval":{"confidence_level":0.95,"lower_bound":254.79463168142414,"upper_bound":321.36512545603455},"point_estimate":277.9138229138229,"standard_error":17.511289382440488},"MedianAbsDev":{"confidence_interval":{"confidence_level":0.95,"lower_bound":83.46275570693095,"upper_bound":133.05360350601813},"point_estimate":111.99516266497804,"standard_error":12.852657440196397},"Slope":{"confidence_interval":{"confidence_level":0.95,"lower_bound":277.1890221699787,"upper_bound":347.7191268806921},"point_estimate":310.2358949892569,"standard_error":18.02250229121602},"StdDev":{"confidence_interval":{"confidence_level":0.95,"lower_bound":94.7227068863477,"upper_bound":176.46959674495307},"point_estimate":132.67758695300245,"standard_error":22.798230315758524}}