{"Mean":{"confidence_interval":{"confidence_level":0.95,"lower_bound":1820.490690257814,"upper_bound":1987.2294862646718},"point_estimate":1899.2413035181678,"standard_error":42.62926292566476},"Median":{"confidence_interval":{"confidence_level":0.95,"lower_bound":1695.5340699815838,"upper_bound":1889.727285323299},"point_estimate":1772.9081969491644,"standard_error":48.96660223318002},"MedianAbsDev":{"confidence_interval":{"confidence_level":0.95,"lower_bound":220.62194096639385,"upper_bound":400.8983015082899},"point_estimate":300.5256237008222,"standard_error":44.904227238825236},"Slope":{"confidence_interval":{"confidence_level":0.95,"lower_bound":1809.211462174801,"upper_bound":1957.6525604578298},"point_estimate":1876.7759196468835,"standard_error":37.92907624663984},"StdDev":{"confidence_interval":{"confidence_level":0.95,"lower_bound":297.8399494123164,"upper_bound":557.1108631016622},"point_estimate":427.6273481042275,"standard_error":67.26268721026717}}