{"Mean":{"confidence_interval":{"confidence_level":0.95,"lower_bound":1519.7068116840255,"upper_bound":1766.3372228362734},"point_estimate":1635.8431246668865,"standard_error":63.35848301356221},"Median":{"confidence_interval":{"confidence_level":0.95,"lower_bound":1337.4390015015015,"upper_bound":1406.06396092038},"point_estimate":1363.6221320552306,"standard_error":18.02532837875396},"MedianAbsDev":{"confidence_interval":{"confidence_level":0.95,"lower_bound":84.2264544168434,"upper_bound":176.35396504694663},"point_estimate":115.2971317961872,"standard_error":24.799893522796253},"Slope":{"confidence_interval":{"confidence_level":0.95,"lower_bound":1535.7244012709941,"upper_bound":1953.8194278574863},"point_estimate":1728.4435415909481,"standard_error":107.14237576930987},"StdDev":{"confidence_interval":{"confidence_level":0.95,"lower_bound":456.38442128501885,"upper_bound":785.1109033630297},"point_estimate":635.6680576809247,"standard_error":84.12001404182121}}