{"Mean":{"confidence_interval":{"confidence_level":0.95,"lower_bound":-0.2038100667776797,"upper_bound":-0.06757682229414731},"point_estimate":-0.14090716969321526,"standard_error":0.03473002099469715},"Median":{"confidence_interval":{"confidence_level":0.95,"lower_bound":-0.3520472988727854,"upper_bound":-0.16253946867431623},"point_estimate":-0.296414720880385,"standard_error":0.047091400583276995}}